{"file_hashes":[{"block_hashes":["WjySjnrtKZSNckNzX1/OQsTOhGpyLKi4O6boul5mRa0=","W6RDA3zzirbU9MKooYvVmvaeXUKFcs9lLyQVS87ayzg="],"block_size":4096,"path":"background.js"},{"block_hashes":["hlJl33uaE7NjExCfMYQpRa/7l/Bgjvhme1BOL6JzLTY="],"block_size":4096,"path":"blocked.html"},{"block_hashes":["0p2wKSs48UVmQjfpND+x3a39J+/Y01sCl1NObeNNzUc="],"block_size":4096,"path":"cache.js"},{"block_hashes":["fj65LIKpKkvTXJqMWrtnmirCef1u3qhlnLB+TZDwU5w="],"block_size":4096,"path":"config.js"},{"block_hashes":["mz5moVcxTj/l4kK/sQQpqsPHFPxzRGnxxY8IxIZy1Iw="],"block_size":4096,"path":"debug.html"},{"block_hashes":["RB4RvP3LWjMMGoK6/1ZgjGJoKa5HM6EltHIejMZe/Fo="],"block_size":4096,"path":"idInfo.js"},{"block_hashes":["Ud5QtnnFswZ8wf45uHXHYVDanmNam6bi6hVxFnq5lHA="],"block_size":4096,"path":"images/ucc-19.png"},{"block_hashes":["ibWMEFuEcly9JzngCjn89DhwIqV35lNDjeSpXqCRBdM="],"block_size":4096,"path":"images/ucc-38-bw.png"},{"block_hashes":["kmSRTsfbEABHP3893GmInXPTZHIkeXIrXgySO3U0wQs="],"block_size":4096,"path":"images/ucc-38.png"},{"block_hashes":["Wm5vdCghZMpeEu78+77JhIB/TSD10f18UvXqNSrpOc8=","5LDJSBs9rP49py5Rl53/eHlcCqNS1CIg5yGAoHUMcqc="],"block_size":4096,"path":"images/ucc-48.png"},{"block_hashes":["QQ6Iyb498w8Xu7WBDlK2gc/iIWaWUwCALPrFOGU/bmU="],"block_size":4096,"path":"logger.js"},{"block_hashes":["SePq4YoFfUTkqJPGFIuKKtOsD2nvrdK2SW8i6aLlnCs=","xNkUf4eD9ffw29ujhdyhVvD1KC6/SaKZ1jDzBZqQcMc=","TNvkhlYzWEzeGFTTWCzBmAfxAlvoihnwcYQK/9FGT28=","dDYvCY4A8f3/lAcevW4uFUW/DYE6lsEtmnGQMYaQmWU=","+tFbc4iKMOdFjcv17MEdXIa6wbDsLQ9hVF2y9C3GXZQ=","yTk99rzGTCmzhz6mOWd6CzUnzh50JDzH/DtNwKtSYyA=","H5dBgSh63EeRufW4GSFzlmmkQ8rNgIVaq9g5sxyBAj0=","F42OHC+D44fKMl661B+7r1fWSTh2cZLYocugI6zCBOg=","N7Te7zPlRw38zdw4Pfj7hP9F/wFvPsSEZJq9302igqc="],"block_size":4096,"path":"resources/css/style.min.css"},{"block_hashes":["1bzzS7/57IPZuivdJJgcZBu5FzHgxWqd91sfzdNdvqA=","905NYkhRCrdB6+Ou2eslidPyVBHLbYp4logf6klZl3A=","vmedNkcjT0K6POluu2jV6Hx5z2Qm45HTL6/eBqRbZVs=","ikpjj422/17tcxcs0c7fODz3r1BBecCH9sQNX2lmHtw=","E0x5cpBd1GCV4xf6h54ucOKRM79OxA9LDrkiH8F175c=","5unr3imlzybPhhjp5vymw6yEOe7fHcIIRkGmDdVV3SQ=","fu2ZQJxXJaOzBqX2PgG4uKGxVrcaguKeTnXlXNIM308=","QRqeUZfvbfWXAyx4xyhuYUQ1+TwxIZWIiszpDyMzPSQ=","CSJtMJcrBjR3vmIF7qsSeobez6nVA4vDxi48eDhBKkA=","1TSMB2vc6ypXmvtdBWOCm6Jnw4iL8RVr9C7JawH+A/Y=","mVZ3E0uj51ROLuMY/2zUYS2+GXoBH9Qy9n1U5RA8xGM=","J7j1vLV5q3ueo2OsjzOlSy72PSEsQRFznVU84z865Is=","4zO4+mgrQU/TQ9UfNpRqmAeZI21gq+fZcOaKwzyfKnw=","2vYQK2gAS4RGU9rKwDNEwWeEzm5pZ7tmOzTlnM9/Css=","Eh4vuWoieddZpwBLgKbL8iNE6s7cHtWUL2gxyoVSRd0=","KMA2uFvpq/4RcZqHlzjF7WNlyOL4/fWcJzFp7Yc/qPA=","xHsAgQsPLrcK+KqMUgOd+tovfRKptf5abC63NrF+LN4=","L8UkA1HhTQHCVcnJaKhOOtY+TDtsSo9oCPi/Am7XB+8=","FZiyLf7bloiMt49OMHw8XK7PjcSeE+iN4My7p2T3+84="],"block_size":4096,"path":"resources/fonts/fontawesome-webfont.woff2"},{"block_hashes":["WoASDTLLERKP4CNIt4A8PtP+sCGCHTJg4Dfl+ER6AaY="],"block_size":4096,"path":"resources/js/debugUtil.js"},{"block_hashes":["8fNuMmsO3jjKfPoz0RLk/FHKQ+W0jKmIiAlOrmhQQu4="],"block_size":4096,"path":"resources/js/ext_util.js"},{"block_hashes":["YoQ0tC7iTzWGNn2ktDH58gLLJkiDsO3Zf5sg/S2AwtY="],"block_size":4096,"path":"resources/js/scripts.min.js"},{"block_hashes":["D2h1BOmoDdlG4ge2jmQ0RePFs+v5xxIi0x5UtTnIxG4=","pVxh2NiMan1ZPvd3w/OM5QAa/ZCYV0ThC92Klm3Q2DY="],"block_size":4096,"path":"resources/logo/logo-umbrella.png"},{"block_hashes":["6WmQyy+elJB/sCVRoyOw1accQC1R5V32mxnbycKCn+M="],"block_size":4096,"path":"utils.js"}],"version":2}